firstname;lastname;email;username;password
Julien;Morice;julienmorice@gmail.com;julienmorice@gmail.com;julien
Marcus;Marc;mama@gmail.com;mama@gmail.com;marcus
Jean;Jacques;jeanjacques@gmail.com;jeanjacques@gmail.com;jean
Samuel;Eto'o;gambe@gmail.com;gambe@gmail.com;samuel
Edouard;Elric;edouardelric@gmail.com;edouardelric@gmail.com;edouard
Sylvia;Sylvie;sylvia@gmail.com;sylvia@gmail.com;sylvia
Darlene;Roussevelte;rousdarlene@gmail.com;rousdarlene@gmail.com;darlene
Alexia;Walker;alexiawalker@gmail.com;alexiawalker@gmail.com;alexia
Alexandra;Alexandra;alexandra2@gmail.com;alexandra@gmail.com;alexandra
MBE;Etienne;etiennembe@gmail.com;etiennembe@gmail.com;mbe
